{
  "Entities": {
    "x99OVBZOfcbMYYgB7UuS4tGAkem2": {
      "anim": {
        "angle": 258.23363604899066,
        "detail": 13.66777121586655,
        "r": 13.763877312057298,
        "rays": -1,
        "speedX": 3.4374482076637447,
        "speedY": 3.6487158079558943,
        "strokeWeight": 0.939519521856565,
        "x": 512.5,
        "y": 462.5,
        "yolo1": 50,
        "yolo2": 40,
        "yolo3": 30,
        "yolo4": 20
      }
    }
  }
}